<?xml version="1.0" encoding="UTF-8" ?>
<!DOCTYPE mapper PUBLIC "-//mybatis.org//DTD Mapper 3.0//EN" 
	"http://mybatis.org/dtd/mybatis-3-mapper.dtd">

<mapper namespace="com.ssafy.qna.model.mapper.QnaMapper">


	<select id="selectAll" resultType="qna">
		select id,title,content,writer,completed,isprivate,writetime
		from qna
	</select>
	
	<insert id="insertQna" parameterType="qna">
		insert into qna (title,content,writer)
		values (#{title},#{content},#{writer})
	</insert>
	
	<delete id="deleteQna" parameterType="int">
		delete from qna
		where id = #{id}
	</delete>

	<update id="updateQna" parameterType="qna">
		update qna 
		set	title = #{title}, content = #{content}
		where id = #{id}
	</update>
	
	<select id="detail" resultType="qna" parameterType="int">
		select id,title,content,writer,completed,isprivate,writetime
		from qna
		where id = #{id}
	</select>

</mapper>